@MiriamCheah like i NEVER cry usually!! but jess crying makes me feel sad , 0
Very sad cause i made a good friend cry cause of my unkown band vid. , 0
ughhhh I have no luck with boys.  I'm destined to be alone., 0
@MsLaudanum unless you have to travel in order to get to an early meet   Monday then you fall asleep on the train instead , 0
i hate sundays , 0
@schmoogumz July 3rd? Shiznit! haha.  YOU HAVE TO COME! it wont be the same , 0
@lkutner Hope so  sitting here look at my new screen now with no picture. boooo, 0
I'm hung over today   http://yfrog.com/0nw2jj, 0
@gonzajuju Poor Lindz! I hope they give you lots of drugs to make u feel better. , 0
detroit redwings won there game last night!!! 5 to 0. only a few more games left in the play offs... , 0
Sick of studing  I'm gonna cry!! Summer where are u?, 0
on a train sat next to a pretty girl (who has a boyfriend  ), 0
Waiting for Trey to get here so we can load up the uhaul  I don't wanna do this eva again., 0
Not sure how I feel having lived 37% of my life, 0
@BNichole8 well hello there! No tweet ♡ from u 2day  lol, 0
Feals a bit dwn , 0
i want to go see the nunes SO bad. i'm not sure if i have the money though , 0
my lips hurt as well now  good thing i got me some vasaleeeeen!, 0
@GmanProds1337 I hope so, 0
Why can't you love me like you did before? , 0
doesn't want to be awake , 0
@CAMARO909 aw thankyou I did. I'm just miffed about the weather  x, 0
@coreynjoey Would love to come chew the cud re: GWS8 with y'all next weekend, 0
work in 1 hr and 10minutes  then Returning a dresssss., 0
here sitting in my computer room...sooo bored and it's a relatively nice day out but it's gonna rain  ahhh haha, 0
so sad, 0
@VictorianQueen Yes it is (even though black is £375 more than crappy default white)  and yeah it was me, 0
having super technical difficulties using the @mr_burnett career site. all i want to do is great work for you , 0
@MrPaulEvans i miss u boo  i rly gotta get this phone shit straightened out... , 0
i missed the rachel migs chant , 0
@marcusfoster1: *sigh* It's times like these that I wished I lived in the UK. Oh well. , 0
Is not happy with the FULL MOON tonight.. Cant wait for it to be over!! Will feel MUCH better tomorrow , 0
i want the sims 3!!!!  why did i pick a new phone? though i love that too! grr wish i could have a job! , 0
Should have been dizzee , 0
I did fall asleep -- can't remember the dream , 0
bio final  when i could actually be doing cool shit on a super nice day, 0
Found a zip tie @ the park... Reminds me of work.. Uhggggg  http://mypict.me/2VNB, 0
@pastelsmashcom Poor you  I forgot to put on sunburn last year. Spent almost the whole summer in bed.., 0
@Timberwolf123 Can't tweet long, 0
i want the sims there so bad!!!            , 0
: Life is slowly boring me away. Gotta make the greens soon at 4! , 0
@ShellyKramer Trying to work on a book. Failing miserably as the kitty seems to want to make her butt one with the laptop , 0
I feel so bored ! Ooohh give me a wonderful things.. , 0
@lauriewl I may come to watch bball if that's ok?  I have a lot of stuff to get done today so probablly no pool , 0
Fuck you headache, 0
Misses my honey , 0
@TheBibik Yeaa!! so disappointing right? plot was written out of swiss cheese, 0
I have hiccups ! , 0
@EdiReaves he sent it to me too why are people mad? We don't wear those things everyday. , 0
Yay for me. I get to wait 2.5 more weeks before I know if I am pregnant or not. , 0
@sianleigh_ love me, 0
the sims game won't work , 0
Sight seeing n oklahoma=boring. I mis ashli and steven , 0
Made the mistake of checking my work to do list: it's looking very unlikely that I'll make it to the @MarketingProfs tweetup tomorrow. , 0
It appears we're about to be bypassed by the storms yet again.  If I can hear the thunder, 0
@SKMusic man I wish I was going to six flags. We don't have 1 here in Houston anymore , 0
I want dopamine  , 0
@RyanStar awww the sun blocks your face  but you still look oh so handsome! &lt;3, 0
Dance is over until next week. I all ready miss dancing with you Jorie!! , 0
had a blast w my ph bitches.  love those girls!  @ Bingo serving these bingo fiends w/out BFF , 0
Starving! I guess I'll get my sausage grinder next year  Since I didn't last year... Or this year. Making ravioli and then who knows., 0
@ScottMillsGuru I did, 0
Trying to come up with a middle name for our daughter.  Tyleretta has been ruled out. , 0
i need sleep; pretty epic night; 4 hours sleep NOT ENOUGH  (L) my girls xxx, 0
no joke i seriously just woke up at 12 im all ready turnig to summer sleeping schedual but there is still 3 more days of school come on , 0
the article i just read made me sad, 0
@MouserNerd lol just go to twitpic.com and enter ur twitter name n pass, 0
@heidipena Asos who had the dry shampoo in travel size.. It's because it's an aerosol bottle , 0
@Odrep yeah. I've been arrested 3 times since they started it.  Just got out a few minutes ago. hahaha, 0
@ohflawless I know , 0
I'm awfully cold. , 0
@mountainkat Hey I hate when that happens , 0
tonight, 0
@nrotschafer my bad I am sorry. , 0
@DannysGhirl Me too, 0
Baseball with Benny and Arturo. Hope I don't die playing with these young kids. , 0
@bifnaked I had a pitbull when I was a kid, 0
@afrikajay I wanted to get a pic but the light turned green , 0
@emotionalgeek i missed you , 0
@RyanStar and running...and running? ;) God, 0
@stereoqueenbee Weather just changed , 0
@teapartyfortwo hahah I know. shut up. WHAT HAPPENED!? , 0
@TheFlog terrible move on Deitch picking up Fairey! , 0
@lesliewaltzes hey I feel like I need a shrink too. And I'm still scared of scary movies , 0
Just saw bambi road kill on the side of the highway , 0
@KobiWanBryant babyyyy  you do it too, 0
@Axelsrose (Ah. I have the feeling I'm gonna hate Y10.  Then again, 0
In the booth. Come see me!  please., 0
actually... scratch that... i wanna see &quot;up&quot; tonight in 3D... but everyone has already seen it!  HMPH!, 0
This sucks I keep having dreams he's here. Then I wake up &amp; see an empty spot beside me  4 months down .., 0
At the game. Didn't make it in time for a bat. , 0
Just woke up. I feel very nostalgic for something, 0
my blackberry died , 0
I want to play the sims 3. , 0
Hey @bowwow614 damn   (officialbowwow live &gt; http://ustre.am/3gi1), 0
what a saddd movie , 0
Sunburn on my forhead. , 0
@ShaolinTiger @goldfries @CincauHangus How long does it take before WP2.7 updates all your posts? Mine already is showing some errors , 0
why wont twitter work with my phone , 0
I only have 13 fans of facebook..........http://bit.ly/eyd9n , 0
@donnamatrix sorry to hear the night was bad. , 0
This is disappointing... less then 24 hours till WWDC and still no major leaks , 0
dude. i was going to make cookies for @kadeholloway and his crew but i have a graduation party to go to before the show. sorry boyss. , 0
Sister's home! Everything seems fine and jolly  until she leaves in 10 mins time...  :'(, 0
why is it that i cant get none of the celebs i like to talk to me , 0
I mis my twin sistr shes gone 2 camp. , 0
@joeymcintyre ya but we couldn't give ours in Va beach  good luck tonight in dc wish I could go, 0
Poor german @jchutchins-Fan. Amazon.de will deliver PE-DA not until July 1st , 0
my stomach is killing me , 0
@DesiLynnsmom Although I can understand Tony's frustration - he's probably not happy with HIS sis-in-law now! , 0
hates studying for finalsss , 0
Down in England for the weekend, 0
just heard horrible news about my x and my friend...it hurts so bad  i wish it would stop!, 0
Catching up on earplug inventory.  Attending a memorial service for a friend's wife.  , 0
I can't believe. Before the storm with miley and nick?!  Already heard in platonic love? Yeah, 0
@ThisStarChild Milady - will you ask @lizwoolly to stop picking on me , 0
@livileah88 I miss spanking you a lot  I will more then make up for things when your over. We have much to cover ;), 0
@plainlo it was yummy ! when are we doing something? , 0
Must tidy room , 0
is still at work and it is sooo nice outside! , 0
I only like building houses and killing them , 0
turns out modulus is used in random number generators already. i didn't discover anything new  , 0
dinner was pish.ma fork smelled of wetdog so that put me off completely  a well want a nap but i wana be able to sleep later on grr!, 0
@Bearskopff whats there number, 0
today is sunday... meaning theres school tomorrow  noooo!, 0
just got home . I NEED to charge my phone only 10% left aaaaah !  :|, 0
@green_i_girl I know I know! , 0
@DeadRinga More like 4 different places in a line down the hall &amp; into the front room. Also, 0
@disasterarea1 sounds nice, 0
@mitchelmusso i would but i live in austria!!!  , 0
I love Erasure!! I couldn't find Breath of Life  ♫ http://blip.fm/~7sxar, 0
@Lkudrow Hate it when that happens, 0
sooo jealous of you guys!!!! and seriously dad? 11 o'clock isn't day time!!! i wanted to sleeeeeeep.  hehe., 0
MISSING KY ALREADY , 0
Just dropped @SallyLovern off at the airport , 0
Back to school tomorrow! , 0
I'M BACK! I finished studying for 2 subjects! I am so proud ^^ Now, 0
Stupid @tweetie for iPhone won't upload images. Just crashes. , 0
@Lkudrow answer your fans. pleasee. , 0
@subzero77 Oi! what's all this? i care! been wondering where you have been  what's up? x, 0
@AKAmplish never cooked for me , 0
I'm going to die here!, 0
its time to drink, 0
where is evrybody ? , 0
@joeymcintyre HEY!! It was storming in ATL. We would have done much more than 600 if the rain didn't ruin most of the books.   LOL, 0
Yeah, 0
wishin I wasn't so stubborn as I look  at my keyshia ticket , 0
@RyanStar sooo pretty!!! wish i was there  haven't been to NYC for 8 years., 0
@Aimee_B_Loved I fear I may be one of said bots. , 0
@MrsMccracken Ouch , 0
im sorry i sucky jasonsechrest and missed Numbers last night  I looove u!, 0
Just found out that Tony Soprano's character is racist. I'm so hurt. Watching all this time and just finding out. What a shame.  , 0
@_CorruptedAngel don't do that! I was all worried, 0
Fred and Wesley are better than Fred and Gunn. At least I think so , 0
@longstride yes, 0
no prob...happens to the best of us at times lol @Djalfy Im surprising my self with my bitchiness today sorry everyone.. , 0
@joeymcintyre i left my books at home  so i will bring all of them in @ my next concert...sorry , 0
Homework while Morgan naos...  I would much rather nap with her!!, 0
or the universe is trying to tell me somethin. Either way today's plans may be off  , 0
Trying to convince self today is a good day to get things done... failing. I always hate when @bynkii is gone for a few days. , 0
Ren's last day here   Making orange glazed chicken w/ onions, 0
ironing and trying to find some clothes to pack my bag for next week... difficult decisions , 0
@ThisisDavina No live feed? like at all? omg, 0
Kinda sad bout the earrings I lost last nite!   can't wait till my boo gets home!  Missin her like crazy, 0
@Jamila29 @CWScooters Thanks for the TweetGenius heads up! I was ready to buy it today, 0
#BB10 - Freddie's voice is annoying me  Enjoying this series so far though!!, 0
last dcdp rehearsal weekend! , 0
Can't wait to go home and relax! Missing my baby , 0
I really miss my pool right now , 0
Cannnnnot get out of bed , 0
I REPEAT: WHY IS TIME SO DAMN OBSESSED WITH TWITTER? And why does Time India have so few of Joel and Lev's articles?   , 0
@scarletmandy It's quite funny going thru them all tho.. ROFL @verwon 's msgs to me haaaaahahaha.. breaks my ♥ to delete them , 0
alone again and again. i havent drink my orange juice, 0
@KimKardashian  i didnt know you were in London i wish i did know because then i could of come and see u , 0
@rudedoodle the terminators scared me , 0
@dat_ass , 0
@blleaf jajajajajaja.. @common_twitr jajajajaja wow.. and I feel like an addict  hahahaa.. thanks for those babe!, 0
 we didn't go out , 0
@markfred ok, 0
Just got out of church. Super sore , 0
@kellypxox Yep!!  When i first found out i was horrified. Do you dislike any of Nick's past girlfriends??, 0
Just found out ians allegic to peanuts. Hes doing well, 0
Sam Sparro - Black &amp; Gold. Aww, 0
@YaraQ8 25.... nt applicable in my case... , 0
@NickiJayni Me tooo!!!!!!!! How much have you actually written? Or typed?  I'm watching Come Dine With Me and doing History.  I just cba. , 0
I really don't want to go back to NY , 0
Still cleaning my desk  Really cba , 0
@qlamorous sorry.I just thought u guys hated places like that. lol But I was def happy to see u guys! &amp; then u guys left w/out a word. , 0
http://twitpic.com/6ubvr - They're cold wet and hungry , 0
Thunder's here! , 0
came home to an empty fish bowl  RIP suede., 0
Just like the song: oh what a nite, 0
@joeymcintyre R U comin back to UK, 0
 typo .... Let's try again: Happy Sunday! Watching &quot;How the Earth Was Made&quot; ...Palio Indians, 0
I still can't bring myself to watch the Key to Time DVD set. Ultimately it's an opportunity missed and I don't think it's worth my time , 0
@thisisdavina #bb10 thanks for taking the time for enquiring for us though. Shame they give you the same corporate shit , 0
Just Finished house work ahhhh my back hurts , 0
Bloody BBC have only just uploaded the Grand Prix to iPlayer. Now i don't have time to watch before apprentice.  #F1, 0
8:00pm! hmmm. tomorow is so near! nooooooo please! , 0
Gonna get my hair washed n blown at noon for 2 castings. Hope they won't stop loving me cos my hair is short. , 0
@bdlf90 Yes I'm fine, 0
Last night's #USMNT game was intense. Atmosphere rivaled Bears game. 4-1 Honduras to US fan ratio  http://yfrog.com/51hnvj, 0
@taste_eternity jealoussssss. I wish I was going back today , 0
People can be so bad you ... , 0
@KnifeForkSpoon Where's the cheese and wine tasting? vghuroendgr revision , 0
@janliz Im 43 but mine would be nearly that colour   I would just look ill I think!, 0
@ArunBasilLal well, 0
The more you earn, 0
@ThisisDavina i miss live feed , 0
Ok, 0
Is on his palm pre but gotta go to work n a lil bit  sucks..., 0
Couldent find my lucky lakers boxers today , 0
@gleepface  I'd get drunk with you , 0
@BrianLimond Ever seen this guy's interactive Flash vids? http://www.selfcontrolfreak.com/ Stick with #13 to the end... , 0
Cedric just died , 0
@hellaeva OH BABY EVA! I'm sorry  wtf dicks. Thats insane, 0
@MaxineBoyle_x noo asda aha  cos i never walked the customer to the item 8-), 0
I decided it's not a good idea for fair skinned girls to tan , 0
Driving my 10-year old to a week away at summer camp.... , 0
I hate to leave  in Miami, 0
1 week left of school. IM GONNA MISS U ALL! i wont see everybody together again!  at least no more homework..I LOVE ALL MY GIRLS AND GUYS!, 0
can't believe the redwings won 5-0 last night!  go pens go! x, 0
Starving but too exhausted to go get food.. , 0
Feeling stressed and wishing I could just spend the day in bed. , 0
Stranded at spinx because moms truck won't start. , 0
wearing my work uniform for the first time in months :-/i really havent missed it..off i go  while evri1 else enjoys there night .nt fair, 0
@Kim_c_x aha maybe there jelous of how close u n becky are , 0
Guildie asked me if I wanted to do U10 hard modes with another guild  not really keen on it., 0
It's gorgeous out and my cotton pants are too big for me , 0
@Sheinie That one was already taken.  For now it's @9thWondersUpdates it's not done yet I am working on it. :p, 0
Fascinating stuff but I am getting on with some work ready for Monday. No replies on how to combat #jetlag. , 0
someone stole marlboro lights from my back pocket last night. , 0
Im all ;___; right now, 0
Connors grad. , 0
no baking tonight , 0
Ughhh I'm so tired , 0
@nitch_art Hey i look forward to seeing your mighty guns ^^ also your twitpic don't work  REPOST! i need anouscka in my life hehe xx, 0
@GlitterGiggles I've been playing the sims most of today. It IS an addiction , 0
@EmilyNatanya  You should go to sleep then and hopefully feel better tomorrow!, 0
I hate the rain  It should be summer but then again this is England..., 0
@remembermaine but i can never be on time to hang out with her! Makes it look like i don't care. , 0
@mories23 I'm just going for a bath then pjs and bed with a DVD work tomoz , 0
Blah, 0
@MontyCola I don't know , 0
Recovering...what to do today?  Too bad it's not sunny enough to lay out , 0
@auri_2412 . . im bored  i want to speak to someone lol., 0
@joeymcintyre and how did book drive go in va beach? The rain didn't wash it away did it? , 0
Voice recital! Then back home to study math... , 0
@itsadribaby what's wrong , 0
hoje não passou The Beauty and the Geeks , 0
back home   Yael Naim - Far Far., 0
@regalclothing what a really cool t-shirt! i want to buy it, 0
Where did the weekend go?  You look forward to it &amp; it flies by too fast. , 0
&quot;hey, 0
Am annoyed with facebook. It won't let me upload my photos , 0
@KABclaire if it makes you feel better you have been there and I have not , 0
sweetie, 0
 Boo to that , 0
Not UTF, 0
i need to study for my instructors licensing exam... the test is on my birthday  boo, 0
Came 2nd In team Tennis (: Bored...=/  I Need To See New Moon Now , 0
@ParkerTechGuy My computer wojld have locked up after 2 live programs , 0
@Shawn5390 hope y'all have fun...I'm sad that I'm too old  lol, 0
I spilled pineapple juice down my shirt. Now my tits are sticky. Cleavage fail , 0
@ruthOUTspoken No its gone. No more duckie! Only three now , 0
@team_tank_girl can't believe u ran off before I gave u my answer! Now u'll never know.. tho I see from previous posts ur taken already , 0
@OfficalMballas I LOVE THE JERSEY BOYS!!!! my mom went to see them and is going again but wont take me  , 0
@metaflex the brooklyn hip hop festival? yeah ill def be there. im still waiting on my ticket tho , 0
@ddot1212 damn the mazdarati is getting laid to rest already , 0
rubbish weather   hopin to c dislicated shoulder boi nxt week yay !!! ha ha ive been owt for dinner was luvley x, 0
First phone update in a while. Trying to install leopard to play sims 3 , 0
so wish i was at nottingham arena tonight. i miss my keith and shane, 0
Smash why doth u reside in mass?? I need ur retardedness right about now , 0
got dumped , 0
at home with two sick boys.  I guess it made the rounds in our home.  , 0
really wants sims 3 but it is really expensive! , 0
@ThisisDavina Nooooo!!! Not fair. There ARE those of us who love live feed!   Grrr!!!, 0
@DutchGuyDotMe And there goes another institution... , 0
@jurgenhadley now this one's not working , 0
@Geraldy What happened , 0
@laydmaxix lol but its still not as fun when you know what happens , 0
@soaps3 Its like 45 minutes   I could probably drive closer but when I get into the city, 0
@watercrown Ah no  Maybe shoji does? &gt;8D, 0
is listening to the new Linkin Park song.  Crap., 0
@endoplasmic101 calm down. Think of the children. , 0
@BKsBliss88 aint nothin wrong with wine! Lol sorry lwe didn't get 2 meet up b4 u left , 0
@SteinerRecliner ugh.. spent a night stand with Steven Tyler in Jakarta a few years back. really special night.. and he never called me! , 0
poison_unspoken: Stranded at spinx because moms truck won't start. , 0
@Freshkid1  I would have loved it. Hot as ever, 0
@kRaZy_FrEaK495 i noe makes me feel like im a sucky fan for not buying them sooner! lol , 0
@DebbieFletcher Sorry, 0
@Bobbyyyb said theres black widows in the warehouse   , 0
@SirRichardTip I think maybe El Deportivo, 0
Day from Hell part two... E-Cam goes down and a patient projectile vomits with blood which I narrowly escape.  now the ADAC is acting up. , 0
@james__buckley Was you and the other lads at Carnival at Northumbria Uni the other day? Apparently you were meant to, 0
No matter how early I go to bed, 0
@chip_roberson I'm still working on the use of the twitter search API ... it seems they lag sometimes, 0
@peza679 Me too! I have Virgin Media and we lost Sky1, 0
girlicious new single, 0
watching hannah montana  lol and sniffing. i wish i could just sleep , 0
Thanx Heidi. Now I want some smores now.  And at a time where its time to get my body right.  http://myloc.me/2VSN, 0
I bought the wrong ice cream... , 0
im late for work! , 0
Only 40% of Finnish people voted on EU elections  It seems to be hard to understand where decisions are made these days., 0
@DebbieFletcher I can't enter the site ! I don't know what's goin' on , 0
double shift at the Annual Fund. In pain from the sunburn and feeling sick , 0
@staceypw got ur tweet 9 hrs too late , 0
ill . and I miss my old time stories ..  http://myloc.me/2VSW, 0
@thekelliejane  I &lt;3 Recoil too. Not JUST after Hep., 0
@Stealz10 it was cool...didn't do shit. I have been dealing with this migraine  how was yours?? Tell Kay V to get on twitter!, 0
@BeachSweetie Wish I was there! , 0
wow, 0
Oh, 0
@SamuelHorler I'm actually jealous...  I wanna' come up your house now just to eat cake and then go home. , 0
@claireychan ohhh hehe.. damn if it were the same event.. then i can see you!! , 0
@nbajwa: i too fail at waking up  well... Good morning, 0
Tweet grade = F.  Guess I didn't study hard enough... , 0
and no, 0
Was just about to do some work at the easel when I remembered my brother ordered cheese scones for tomorrow. No drawing today then , 0
i hate funerals! , 0
@chloeong @arthurtanzelin sigh...I opened mine already , 0
is thinkin that fever blisters on your lips stink!! Yikesm , 0
@janellecool i didnt wake up  i even ate applesauce to stay up!, 0
@M_Txbliss yup fo sho. Going into work at 12:30  Then laker game!, 0
me sick too , 0
Wants Jeff Dunhams DVD's , 0
#mummy, 0
this is like a deja vu of last year , 0
Its been two days in Nainital and I have not eaten momos yet! Disadvantage of coming  home without my sister.. I hate eating alone.  #fb, 0
Is freezing!! I miss warmth , 0
@samovarious A 15 min. viva and a 15 min. discussion of a prepared topic. My examiner is Québécoise which means her accent will be awful , 0
mikes sisters graduation is starting...reminds me of how old i am! , 0
just hanging out @ home with a broken leg.. damn  , 0
wants her throat to stop hurting , 0
I miraculously feel alright this this morning. @edadkins thinks it was done poisoning from my fav muffin  bad cream cheese!, 0
rrrise and schine ;) mm i smell my coffee...i miss coffee from set  i miss everyone from set     lol but i am home , 0
http://twitpic.com/6uc9j - Thsi is a picture of my brother (deads brother) in 2003. He died at 9 mos old. , 0
Got a blister from trying to unscrew an overtightened hose  I need tools. http://tinyurl.com/r4nwzk, 0
Cleaning the house , 0
omgosh.... i think never again..... blechh! throwing up while driving is NOT fun... , 0
@DebbieFletcher CLoses  tomorrow  but  the site wont load and let me vote , 0
What a 1st round upset! Tony Schu done , 0
@DashaFierce realizing what I want is almost impossible to get. , 0
I don't want to go home   http://twitpic.com/6uca0, 0
i need a new microsd card. , 0
Slow and easy morning. I don't feel good  Poor L has the sniffles and the runs., 0
I slept for 2 long, 0
I miss my babe , 0
@heymeghan I KNOW. I'M SO FREAKING MAD. i was going to ask to get it today too  FMLLLLL., 0
Feeling sick. I want eat but I can't. I wish I was home , 0
@Nicxo hope you feel better soon  xxxx, 0
@csquaredsmiles nausia (however the hell you spell it), 0
watching Cats and Dogs. Hungry , 0
Let's go for the last week of school. I think I'm gonna cry at the very end of it , 0
@BryonyRocks inooo i so cant afford it but need some. Been lookin on the internet but you have to buy in bulk so its well expensive , 0
I want to be a photographer on a journalism team at TwiCon, 0
Back in my Penthouse! My Girl didn't call yet , 0
@SaraLuvzDrew  *crying*, 0
Today is 1 year anniversary of the passing of my beloved cat, 0
Apprentice final tonight. All the tv series are coming to an end now , 0
my g1 just died  can't believe it, 0
I'm now Twittering the sermon: There's a national push 4 churches 2 b authentic, 0
Done cleaning the stairs. I'm officially done cleaning the stupid carpets. Oh it feels good to be done w/ that. More work to do though , 0
@kpThomas what's crystal castle? And u saw dj am and the yeahs yeahs? , 0
@bluemixed I'm not at Carmines. , 0
@Ml2xBoou Just McFLY, 0
Sunday.. My only day off , 0
Daddy went off w/o me. I offered to go as bodyguard, 0
Have to miss church again because of Amanda's piano recital this afternoon , 0
@Missypoo586 Im upset cause de undershippd the pre! i been lookin for one everywhere 3Cities 13Stores , 0
@lauraxestrella I know  I'll be returning it this evening, 0
I wish I had a car, 0
@OfficialBB BRING BACK THE RED BUTTON FOR GODSAKES, 0
Just realised I missed my 3000th tweet.  @ToxicGiggle stole it, 0
There was no one in the building last night  No guests...no breakfast   Oh well...today we have guests...so tomorrow there shall be food, 0
Getting ready for work.... I leave in about 30 mins but I have to wait on my ride  Not driving sucks but I can't afford it anyway..., 0
We're trying to support local restaurants for lunch but the first four places we tried today were closed.  , 0
bored as ever , 0
Make that might go home tomorrow night. , 0
Moms took too long gettin ready and they were packin up the farmers market when we got there , 0
@TJLind aww... i was looking forward to ordering too... , 0
turns out not eating is the symptom, 0
@rentthebwaytour I wish you guys would make a tour stop at Singapore! I never had a chance to catch it on stage , 0
@JustAliceCullen I dont have bonding time with my parents ... , 0
Another 100 plus bucks for takin the baby Jayd to the vet. Got some sort of allergic reaction to something. What next my gosh  ?, 0
Also, 0
Very Hungry , 0
@aviraj..hey commenting a little late. but yeah money doesnt like my wallet too.. , 0
i'm so bored and sick!!!  but i don't feel bad that is good, 0
@shsraiderband94  haha. i need a boyfriend , 0
SO very bored though I'm not sure who reads this could do with more followers tbh... Lonely , 0
my tummmmy hurts  &amp; mrs. whitney needs to grade my author report faster! -___-, 0
@jessicawhite it says the yeahyeahyeahs show is sold out. nooooo! if i cant find a cheap ticky, 0
Im bleeding somewhere i shouldnt be D: im scared. Secret time: never have anal , 0
@lbutlr On my mere iMac it causes badness , 0
@Mimidncr96 LMAO HAHAHA WOW! What in the world? Lol can you stay on like 30  more minutes so i can yahoo with you , 0
I hate my nose , 0
@FaketragedyCom We get 4 weeks off a year, 0
Gotta work on math , 0
Ahh, 0
@CoCo_Rene thank u , 0
Don't wanna go to school tomorrow... it's going to be sooo boring , 0
@JellyHelm Damn. And here I thought the xo was for us. , 0
so dissappointed to find out that Perez Hilton is Cuban. , 0
@katie_clarke my brain hurts from WAY too many drinks , 0
cold again, 0
Woke up. Still a wee bit sick.   Work today , 0
@keekster_keek not yet  he may not call, 0
@sandflea82 the impression is badass. ill get you a link. and OMFGOMFGOMFG , 0
What's worst is I can't relax. I never know if or when the howling will start again. I'm always on edge. , 0
Having a CBA day today , 0
Dislocated 1 toe in 2 places today. ouch! , 0
Pretty tight service. Off to mow our lawn , 0
@cmvikner  feel better (i had to look it up, 0
The Nokia N97 is available on pre-order in the Philippines Jun16-18. http://www.nokia-ph.com/n97preorder/ INGGIT AKO. , 0
Don't know if I will buy the new Dave Matthews Band album.  The reason I listened to them is no longer with us.  RIP LeRoi Moore , 0
Sitting at home. Missing my boy , 0
just wokeup and brushed my teeth, 0
@ktoint83 ok im sorry i'll shut up! , 0
My removeable harddrive has stopped working  All my series, 0
@or_sh That was after the hairdressers lol  Oh well. My world doesn't revolve around my hair looking good, 0
I tried to go asleep but it's just not happening  .... My sister orderd pizza and it was yummy , 0
I just feel like bursting into tears  i cant deal anymore..., 0
Getting ready beforre work....   , 0
@TarynJanine awww  well ditto!, 0
Working all day  damn, 0
@tommcfly haha , 0
i'm VERY tired and of course my brother has all the energy in the world  this is going to be a very long day , 0
@steve228uk did u understand the last house? the ending was just so confusing , 0
and so did mitchel with me , 0
@kRaZy_FrEaK495  wow i think they shuld start tweeting the tix going on sale! xD, 0
Jst come in i am freeezing  and sooo confused boys these days  x, 0
listening to online lectures..ugh! , 0
I'm having a very bad day , 0
@thedreamteam09 Daammnn I'm @ work! Maybe nxt week! , 0
Today is cold. , 0
Why don't they have Gardening Mama for DS at the walmart in Broussard , 0
@beautebyashleyk WHY? What happened to giving it another shot in November?! NO ASH! Don't give up!  I didn't win Miss NY til my 4th try!, 0
I enjoy being so hopped up on cold meds that I forgot what day it was, 0
Bruised ribs  and everything else from the lake. Ouch, 0
@Mimidncr96 ugh  well at least i got to talk to you and no your ok! mwah i love you angel!, 0
@klaranyman yes i think i am sweety! wanna grab a coffee someday and talk a bit?  hurru, 0
@Kdubbb that sucksssss man  are there any other ones?, 0
@kacrowe well that's good!! My shift is almost half way done too!! I worked a double today though ugh , 0
@santospatty ahaha shut up  I can't feel the lower half of my body ]];, 0
can' find &quot;falling&quot;..  , 0
@meegusmaster aww.   I get sad when cars die., 0
I can't chat w/ my friends  I don't know why , 0
 im jealousssssss lol..layed up in bed doing h.w.., 0
@ThisisDavina Poor you, 0
Blaaahhh. Work is wild slow man but becky is meeting me at work so I have to stay , 0
I missed the sales for the blink 182 concert in Toronto!  can somebody help me?, 0
Snot = dreary. And drippy ... , 0
@KM_Productions I can't. I have to work &amp; i have no way to watch the ep.  sorry. Have fun tho!, 0
I miss my bf. , 0
@yelyahwilliams the pic you posted can't see..! , 0
@bekki_x haha, 0
Kat singing one of my favorite songs: http://bit.ly/9pBE8  dude my rents wont let me go watch Kill Bill at ben's! , 0
@schweick13 I am lost. Please help me find a good home. , 0
@Liz_Hatch no TV coverage this year  ABC has a chopper following the race but they chose not to broadcast anything until 5:30, 0
Re reading Eclipse &amp; wishing my nails would stop peeling &amp; breaking so i could paint them , 0
Today's gonna suck. Running errands all day , 0
This is Duchess's mommy talking to tell you that Duchess is at the vets for a week. , 0
sunday evening now! the weekend is over  ... so fast!  school again tomorrow , 0
@PurpleMuffinMan *sobs* i nver get to belfast anymore , 0
@iricochet but shes ugly  *&amp;&amp;X?, 0
@l6ve I wanna be layed up with yall , 0
@Victoria_Miller quiz ...what quiz , 0
@mrs_mcsupergirl ACK! I'm having one of those days too , 0
http://twitpic.com/6ucm3 - last day of school  my class!!, 0
HAHA. @shwood convinced me to try friendorfollow. No one who i follow is following me back. even huge fans , 0
I feel like I've been stuck here forever. Its so dead. , 0
i want my phone , 0
noooo! please dont tell me she left , 0
I just added a ton of pics to my mysapce. I'm going 2 set up another FB soon, 0
omg there's rent dates for both Japan and Korea! Why am I not there at the right time???  , 0
MY PHONES BEEN DEAD SINCE YESTERDAY MORNING AND I CANT FIND MY CHARGER!! , 0
@RickyDeHaas I knoow  much too long! if your ever in Vancouver let me know , 0
Still can't use my #PalmPre yet.  My number port request finally got approved though, 0
@joeyanne  So far I seem to be very good at creeping other Sims out... ooops , 0
Okay NYC feels like a desert today!!!! i swear i saw an igloo but it was just a mirage , 0
I have sore throat , 0
wish i was a nicer person.  and i wish i swore less too. not a good day , 0
is seriously bored. MY GOD  http://plurk.com/p/z5g9i, 0
@jojomoyes sorry to hear it was 6 chickens too late , 0
demi or Miley arent twittering today  either is the Jonas Brothers (, 0
@_nicmac We should!! I wish we could make the weather , 0
Ugh, 0
@SbUxPrInCeSsK awwww , 0
Sign of the times: Admiral's Club no better than sitting at the gate waiting for my flight , 0
my poor cat is having her last meal before going in to have her thyroid removed tomorrow morning , 0
@ChrisCuomo Happy Sunday to you too!  Your garden is gorgeous!   I have no green thumb at all. , 0
bored as sin, 0
@ColorblindFish Hey Fish!!!! Met all the band cept u last nite   Jones Beach maybe??, 0
ICH WILL MIA , 0
@amakacamille I dont know if it is. Everyone throwing salt in my game saying it's never gonna come. Haters annoy me , 0
i desperately need a massage , 0
@chchchinatown omg what's wrong? , 0
Sniff... why can I never get tickets from seefilmfirst , 0
@pablowapsi yay fun! I know I'm having fun reading it , 4
Laying outside in the beautiful weather while Gabe plays in the sprinkler!  , 4
#musicmonday listening to the cruxshawdows &amp; vnv nation. saw Cruxshadows live before &amp; will be seeing vnv nation live in July , 4
@XeniaCarone What is with myspace?:S , 4
@chefandre Andre; please see DM for further info.  , 4
@tommcfly  have fun, 4
@littlefluffycat Good to know   I plan to apply to Clarion this summer.  Now to work on my samples LOL, 4
@lennystands focus on the positives of our people, 4
hmmm nice new song from Jason Mraz &quot;Try Try Try&quot; , 4
Photo: CSS hacking on the TotSpot Navbar… just for kicks (for now  #fb http://tumblr.com/xiu1x9nuu, 4
Oh my God how ridiculous were we. Crazy , 4
@julioanta ill be visiting within a year , 4
@BATYASMUSIC omg! where? when? !  &lt; they will over after my last one tomorow haha&gt;, 4
@missyelle06, 4
Alrighty tweethearts...I'll see ya in about a week! , 4
just had H-boy make us masala soda...Likes , 4
@Audrey_O Sec 3 looks like they will b great seats! I'm jealous , 4
@DavidArchie help us spread Tokio Hotel with a couple of Tweets lol , 4
@etniqminerals  spoon full of sugar helps the medicine go down!    thanks, 4
@fairyfindings congrats! , 4
@marris19 welcome back , 4
@evodonnell I'm sure Emily will want to tell you!    We have to tell all of the Fam first though..., 4
@LOVEandPEACE001 history class sounds boring! How's your morning going? Yesss, 4
@MarathonMaritza i didn't mean it all perverted like, 4
i am going to be in Berkeley from Tuesday to Thursday, 4
@uncleenore  did you not find it enjoyable????, 4
 How are you all? been very hot I must say., 4
oh am beginning to love the Scottish weather for once  x, 4
@writercarrie No, 4
@tommcfly I don't think you have anything to worry about the song writing all of them are awesome  !, 4
My girly is in Seattle today working on one-off custom arty T's that use my designs... word is they are turning out bizzomb! stay tuned , 4
@JULIE_MOORE Erm...what kind of love are we talking about? , 4
the summer has finally arrived in Masfjorden , 4
@anugeni well, 4
Tony Hawk Ride, 4
@StephWBates and BTW you look way hotter in the &quot;B&quot; dress , 4
@peterfacinelli congratulations on the show last night. Must feel amazing to be a part of something so special , 4
@ColeH Hehe. Glad I could amuse. , 4
I'm so glad to be leaving behind all the nobs at lees brook , 4
To eat the icecream or not to eat the icecream.....now that is the important question , 4
@OneWaYWeeZy  thanks for the support ima need it, 4
enjoyed the weekend very much. so much so i made it a day extra , 4
@souljaboytellem somebody say wake in bake  lol, 4
@deanklotz Hanging in there myself.  Taking advantage of recession to roll out more features. New packages selling well (always good news), 4
woo! gosh, 4
Getting to rest at last.Going to see If  I have better look on here for a game for my phone. , 4
@arctic_penguin @Helena_S Have fun you two!  , 4
@ThingsMomsLike I'll be watching Conan tonight!  I'm really excited!  I was usually to bed when he was on later in the night! , 4
@sanaraset i think naintindihan ko sinabi mo  sorry my span is rusty na , 4
@pallagia Pontoon boats rock!  We used to call them party barges when I was taking summer classes on Lake George..., 4
Hangin out with my two favorite guys , 4
@CindyIndie this is probably the one saying  what about google reader, 4
Trying the #hashtag search for the first time , 4
@DocMichelle I always say ... taste over timelyness. Your boss may not agree. But hey ... at least you have #Peet's in hand &amp; tummy. Yum! , 4
@maynaseric Cir rocks indeed! But Singapore still has the best club in the world.  Zouk, 4
@andyroser24 Yeah, 4
@alvarocker Animation?! Slow down man, 4
Got an AWESOME package from @harperteen today.  You guys rock my socks. , 4
@kamxbam  lOl yeaa iknoo .! ilove his moviess .!! , 4
The ice part of the freezer jammed so bad that we had to hammer the ice away with a knife D: at least i got my cool drink , 4
@Toby_P ah awesome thanks , 4
@kirash4 LMAO! I was gonna say...not like I have your #...LOL...sorry...it was a normal hour here , 4
@JaimeLeeMann I hope Mann Made Time is having an awesome birthday!! , 4
@Dreamer64 Still have to finish some commissioned work, 4
Anyone else want to see Paris 36 tonight @filmstreams with @nerdytwerd and me? It's at 6:45 and free for students. , 4
@duranduran some of the photos of Nick &amp; Simon make me want to break out in song a la Elton John... &quot;Hey Nikita is it cold&quot;... , 4
Excited to see my parents in a few days, 4
Okay, 4
@Liana_Paige dont you sass me, 4
i LOVE the veronicas  Marriage!! To Both Of Themm .. Possibly ;) x, 4
@16_MileyCyrus hehe goood. , 4
@altepper momentum is a funny thing  flock mentality!, 4
@BernadetteAE if you like 2 laugh..have a good time..follow me..its just that simple , 4
How to build a large MULTIMEDIA presentation online - from Soul of Athens 2009, 4
@tommcfly  cant beat a bit of cheesiness though haha!! your songs haveliterally got me through my exams. so thank you!!! , 4
@mitchlarocque U don't look that bad! , 4
@dtothek Haha! I'd totally rock one of those on my trailer! , 4
@DJColette oh man so close!! i hope you had time warp pills atleast. No clue when I'm there next tho. sometime this summer im sure! , 4
Only four days till my birthday. Can't wait till Friday!!!!! , 4
@agnarsphotoden - ah thanks ! , 4
hopes my birthday is filled with fun activities , 4
@zpixel thanx a lot bro. You are a friend and a mentor and I know this just has to work.  Thanx, 4
thtat's from the movie. &quot;10 things i hate about you&quot; with heath ledger @greeenflower Am I right? @aliiza252 , 4
@Sierravistamall it retail you can never enjoy the holidays all the mean people shop than  did I mention I make the Grinch look good? lol, 4
@melapoo i KNOW RIGHT W/ REAL FRUIT EVEN...YUMMMY!!! , 4
@mikewiebe how was the show? didn't get kicked off for saying shit right???? , 4
5 more days for me! Minus 2 classes , 4
It's NOT how many Twitter followers you FOLLOW, 4
TWILIGHT CREW AT MTV AWARDS. WOW. LOVE KRIS AND ROB. &lt;3 , 4
@mrsbutters black , 4
 good morning every body!!!!, 4
@TheRealMrRiley bet you had a class time at that photo shoot lol , 4
;boredd &amp; waiting 4mahh bby to holla at me , 4
@pepintl30 thanks for the follow , 4
@followthesam I hear you can just burn the ISO to CD-R and it works fine, 4
@DaniCharming. U already kno!! Thanks for da luv booboo  let's. Get me booked in hawaii http://myloc.me/2i04, 4
@mae_mae86 if you like 2 laugh..have a good time..follow me..its just that simple , 4
@ocdchick - &quot;Mommy, 4
@redmantw I love the Moses Cone Manor   It's got soul., 4
@twine007 I am pad-locking the freezer the ice cream is mine , 4
will be twittering her butt off through this convo...doesn't mean I'm not listening , 4
@emorgenstern So true. And the winning brands will help ppl find, 4
@emiliey :'( it ok , 4
@dougiemcfly wooo, 4
@Justin_ee is the best for finding an outfit for me to wear on saturday  xox, 4
@MichaelFash Congratulations!!! So precious, 4
@whiteblouse oh no.  please feel better.  , 4
Work, 4
@gadataguy them's some sexy legs , 4
@Ingvardsen I still dig Shopify more, 4
@AlexisNeely LOL! So true. Aren't we blessed and spoiled with our typical  sunny so cal weather?! , 4
When was the last time you called you're spouse just to say, 4
looking at the hills , 4
Schools out for me on wednesday!! Yay , 4
@CHICAGO_lollie T-Baggin'... and Boats and Hoes.  Oh boy, 4
@Celosbeats lmao....nah i dont go no friends im a loner!!! , 4
My sirius is back to 100%! 24/7 @davejmatthews on ch. 17 all week, 4
It's a good day to be a Paguyo. My cousin just had her first mall show for her collection. She's the only reason I know I'm not adopted. , 4
@dbouwman Thanks so much.  We work hard on them , 4
Not UTF, 4
@LouPage You are welcome, 4
waiting on jesse to call me  .:EMB:., 4
@Bodyspeaks get one of those glass display things and place em all in there and hang it up on your wall , 4
@dszp yeah, 4
8 more followers to 100!  , 4
Pool with @morgsA tina and Callan , 4
yeah no sales Figures, 4
@32flavorsPR it looks wonderful! great job! and grats on the new fab client , 4
Ok, 4
@grentone lol of course! we will surely enjoy us some taco Bell , 4
@Terronce I like.... , 4
@_naushin yay!!  although...thats assuming its going to take me 6 hours...i don't think itll take that long haha xXx, 4
playing wow a bit ...The effect stinker has on black cats is awesome  http://www.wowwiki.com/Stinker, 4
@dopeboi every new car body style is dope these days. I'm so confused. But my jeep wrangler is still in the forefront running strong , 4
I need to start getting ready. /sigh on the upside i found out my parents decided to host home for 4 guys this weekend! , 4
http://www.zshare.net/audio... &quot;Like a Monstaa&quot; Produced by Tru Dat featuring JusNice and MissTiff... enjoy my tweetle dees , 4
@EmilyyBrowningg vanessa said you dont have a twitter , 4
schools about to be out im headed to Nc soon!!!!! Charlotte her i come , 4
this fruit salad is really hitting the spot, 4
@mercedesashley nooooooo, 4
@cerealwriter Are you sure 'blown away' was the best choice of words there? , 4
@2cent_bmike yeah, 4
@leighmichele that's awesome - looove the mouse tunes! , 4
sorry if i'm not on twitter for some times..but here we have 2 holydays day , 4
Almost threw accomplishing my goal for today... Sit by the pool side all day , 4
@MusicFanFirst I recommend you eat! , 4
@2huu dun worry dude, 4
@BillyJ What are you listening to man? March of the Pigs???? , 4
@_Lenchen_ hey hey  was a great day. we have a lot of sun here , 4
Going off on Twitter now. Extremely  need a good sleep. God bless you all. , 4
@macnumb3rs I'm not a big fan of linux, 4
@johnhumber Unfortunate for you it wasn't &quot;Bloodsport&quot;. The little guy's great in that  LOL, 4
@josefineekman Yay Lakers! , 4
@sodamichelle U can't be gloomy on the first day of the month, 4
@LilPookieJ Dont knock it till you tried it.  It is a very manly (and yummy) drink.  , 4
Is out of the jungle early, 4
@Amanda_Patrice No problem, 4
@juicy____ oi arent u  meant ta b studying , 4
Ok, 4
@ school with zivi trey and lorenzo! BEING RAPED-BY TREY! jk! Zivi says im her bestie! it's true! , 4
@CWM480  hey now U have a  lemony fresh mouth  lol, 4
http://www.justin.tv/G4TV_E3 yeah this one works! winner. COD:MW2 , 4
tomorrow's weather is looking promising for my NINJA lawn tickets , 4
@DreamGirlAbby if you like 2 laugh..have a good time..follow me..its just that simple , 4
Yayyyy we're having a par-tay , 4
@crisissweet don't worry you will jus study , 4
@kathleenhessert Hope your enjoy your visit at Penn State! , 4
@ashestree Happy Birthday for tomorrow! , 4
@esoterismo You are always welcome.    #ff, 4
@LdotCullen -- nice.. I'm justa workin over here.. girating to Kirk Franklin! , 4
@xarph @Amethe Try out Legions (think old school Tribes FPS+Z): http://tr.im/n46h. It'll put some hair on your chest! , 4
@sh_Y Yes , 4
Thanks for last weeks #FF @aureliom and @john_lafemina. And as @papayasf knows, 4
@jonaslicious28 über twilight^^ , 4
@TickleMeJoey oh yeah hahaha! I know that! ! How takes place your rehearsals for your World tour? answer me please  Thank you so much, 4
@Brittany6124 thank you , 4
@liquimagination Welcome back , 4
Parody that should be made: Discostick into &quot;I wanna take a taste of your Pixie Stix!&quot; , 4
@AlenCorp It will be ok... just breathe. Altho it is a horrifying discovery for YOU , 4
@pbrantner Thx Paula - how you doin' (said in Jersey tv voice) , 4
Fun weekend.  120 film, 4
@fuzmeister ours too , 4
@MagpieSparkles Haha SO WRONG but so yummy  Ah the youngins :p, 4
@lislBR Oki Doki, 4
@Imissyourobot Happy Birthday you crazy hashing fool! , 4
Good morning Tweeples!  Last day to enter the &quot;Sugar and Spice&quot; Giveaway and win a gorgeous bracelet! Stop on by! http://is.gd/LFqW, 4
I have sucsessfully spammed up my homepage. I hope I have done the same for the rest of you  night night. loversxo, 4
@MrPope OK - that was cooler than than the search engine launch , 4
Call of Duty Modern Warfare 2 just announced at E3  , 4
@marcy718 Thanks for the shoutout Marcy!  , 4
Today is GORGEOUS  Little bit of a tan on the old arms ;) ah i can dream. History tomorrow though , 4
@drewtoothpaste ...And wet dreams are Satan's work , 4
@StylsByCharlesM  Thanks for accepting, 4
@leslieclark Our videos are available on DVD. Not in iTunes...yet  Samples here: http://tinyurl.com/cyx9pd, 4
Had my first lesson , 4
@KayLoveeee PSHHHHHHHHHHHHHHHH!! THERES A SMACK FOR YA , 4
@rebathediva Thank you.  Words of that magnitude almost make up for the fact that I inadvertently turned 50% of my ex's into lesbians , 4
@peeeeete no seriously Pete, 4
OOC: Here and finished readin' what I missed. , 4
@toddblog BTW, 4
@tommcfly you could write a song about platonic love. HAHA would be quite amazing , 4
@kianryan sense the tone , 4
@GorgeousLannie babe u got the case of the mondays  ( I don't know what that means but white people say it so I guess it is cool , 4
tonight back to L.A. have a long flight before me. wish i would be already there @lisamadanna finally ya back  call ya later. xox, 4
@ellajoe Hey girl how are ya!  I haven't chatted to you in awhile!, 4
My phone is too far to reach so I hope he gets this through text. @azamroselan Can I some of your Popmie? , 4
@toysrevil Thanks for the Post Loving the man-titties phrase! , 4
Hour countdown til pooltime!  I &lt;3 summertime!!!, 4
Alyssa Edwards with my girly lookin for a pet  cells onnn or text. http://tinyurl.com/nb74q5, 4
@CarolinaMama Except for that whole Land's End does most of their tv advertising on the O'Reilly factor they're a great company , 4
Is in communications with jocelyn amy and shustine  listening to quel surprise ariane moffart , 4
@tommcfly I'm already feeling the lack of you here in Brazil ... love you.   , 4
@Relucs @cloudgazer I cannot do 13th or 15th for picnic ... if these dates fit in with Mr e they do it with out me...   , 4
doctor who in 10! i know, 4
@chriswalts dunno I lost interest and started tweeting new sarcasm. This Xbox press conference sure ain't an Apple keynote.  #e3, 4
I resisted until I got bored... and Twitter doesn't get along with my dell... and now it's time for graduation picture uploading. , 4
@campingblogger Your fave campsite can really feel like bliss, 4
@Itxi_Itx  Groovin' to that!  , 4
I will spit right in your fucking face, 4
@covergurlnae I been lost with my teitter! But I'm back... Where's my fav twitterbug? , 4
@veronique0882 I hope u will feel better after a good nap. , 4
About to go workout do some cardio w/jen on lunch.. so boring today at work. got bootcamp later... oh hell.. , 4
yay!!  although...thats assuming its going to take me nearly 6 hours...i don't think itll take that long haha xXx, 4
@Milambus Yeah, 4
uploading photos on twitpic, 4
@mellowdi Nice! So much color...Love it! He'll definitely fit in when he relocates to LA!  , 4
@mleis hmmm... trying to guess what you might be referrign to.... too many to pick from (LOL , 4
@lalavazquez i'm heading there on Wednesday  hope he decides to go so you get gamble! LOL, 4
@tombrazelton I'm guessing your time is as stretched as mine (dndorks, 4
@DavidArchie oh btw Happy June the 1st ...pinch &amp; a punch for the fist of the month , 4
is chilling by the pool with colb and kenz , 4
Making my face all pretty , 4
@casualperfect That, 4
is in germany for lunch , 4
@emmamema i'm your second follower , 4
@solangeknowles hey Solange are u in europe or in america?? , 4
@lgphotography I know that but did not want everyone here to see how cheap you are , 4
@JadeTheOne777 aw thankyou  x, 4
@justvero hi there! , 4
going to meet one of my brides to talk about her fabulous wedding I'm shootng in october , 4
Someone tell me some horrible things that might happen to me and my life if i dont revise and fail all my exams. EG. live in a bin , 4
@iLuvHuskyBoy well colbys my sex buddy... jkjkjkjkjkjkjk i swear im still half a virgin , 4
@RoWiRo Happy Monday to you  Love that quote - reminds me to move forward - never give up, 4
@spdaly How can a web designer not ever open PhotoShop? Doesn't everyone use that???  , 4
~My LIVE Memorial Day Mix~  ... just added at  http://bit.ly/MDzEr, 4
packing for Rock Am Ring.. Scared? No... not at all... =/ But it will kick ass , 4
@invisagal oh, 4
@erd10 nopes, 4
@aishatyler - would love to have your autograph  wish you were still on ghost whisperer!!, 4
@Shootermp4 I think they're afraid they'll be called twits ha ha ha ha. , 4
Event Management....  such a great tool to eat the brain , 4
Go to Always Miley and check out 105HQ photos from the MTV Movie Awards , 4
@Natashaa damn right we are ;D and when we get the train to asda to buy it WE'LL GET ON THE RIGHT ONE!!1! , 4
@CraigBarlettani so get out!  go do something you've always wanted to.. , 4
is ready to go to Jackson's baseball game! , 4
@cooklocal tried with my landlord..eventually gave up and started guerilla gardening , 4
@andrea_r And my ability to curse in French, 4
prepping for a client meeting this aft , 4
Time to bed , 4
needless to say that the site we are launching on 2/6/9 is a #drupal site , 4
@jaredsiegel Perhaps u should listen 2 @jonathanrknight? He may b on 2 something! Happy belated Bday! , 4
New City Focus for Round Rock came out today: http://tinyurl.com/lxd9kd The story on Summer Safety Tips came out really great #3 , 4
@gen224 Just don't start hitting butterflies.When I hit one, 4
@crnixon i'd be interested in speaking, 4
ok the BBQ was a total disaster, 4
is watching what happens in vegas , 4
@Wossy fabulous choice of music! , 4
Work, 4
@Jjbioh if you like 2 laugh..have a good time..follow me..its just that simple , 4
@ellit Tyson chicken is technically &quot;local&quot; if you live in Arkansas. , 4
@_Alectrona_ I'm sure you'll be fine , 4
zac broke up with her finally i was waiting for this day for so long i know who &lt;3 him to  in ur peoples faces and she if on eof my bff's, 4
@WerewolfLeah *text* it's ok u did mess up my day...I got another date 2night, 4
@sarahmaclean Hahaha best analogy all day. Thank you! , 4
Going off on Twitter now. I extremely need a good sleep. God bless y'all. , 4
@RhiBowman I hope so. Thank you.  How have you been?, 4
@shanedawson  I'm currently watching your videos , 4
@kindadodgy well linux is for programmers, 4
@Medros I may be able to help you. You can view my portfolio and request a quote here: http://twurl.nl/pw6psn Thanks! , 4
Just went to the mall!!! I love Victoria's Secret!!!  , 4
Listening to the New Parachute cd at work. It's very soothing , 4
My favorite person in the www (whole wide world) got a fracture on his foot.. Hope he gets well soon.. , 4
OMG ...Trailer for new moon is here  I'm happy....Is amazing...... Robert &amp; Taylor perfectly :d, 4
Skyping with @kevleviathan , 4
@Twilightscene OMG  What a trailer now i gotta read the book again. Adrenalin running through my veins... , 4
@solangeknowles I got three, 4
@heatherblount i'm glad you managed to get your car unlocked, 4
@Wossy is there any work going at the bbc? or on your show? , 4
@tamipants Haha! Yes, 4
@GalileeMae DJ was born a runner. I think he ran before he walked. It's in the genes , 4
Mischka's... &lt;3 No better way to celebrate the start of summer! , 4
its national ice cream week , 4
Lots of great stuff happening  Crossin' my fingers!, 4
@sweetkyree thatz flyness its aprreciated  i'll keep u posted., 4
I'm all good. Just call me gimpy.  , 4
@CSI_PrintChick liked the last tweet better , 4
@Natashaax damn right we are ;D and when we get the train to asda to buy it WE'LL GET ON THE RIGHT ONE!!1! , 4
its cold out today . i love it , 4
@DanGlenzig it was tasty, 4
@jaredsiegel Wow! Jon isn't very nice! LOL! We have some talented Twitter pages artists...just ask for help and you'll get it!  Andrea, 4
@CookiezMaMa living here for now. and working here  cut came out just as I wanted it.. posted a pic earlier..course u couldn't see it well, 4
Getting ready for Memorial Tournament! It's going to be a fun week!!! , 4
@chicalit @radha_ thank you girls... shall hopefully be back soon , 4
spent my day with girlfriends with very different backgrounds - it has just been sweet  Love life, 4
has a newly-bought HD DVR box. Yay! Now I can watch and record my shows in HD.  http://plurk.com/p/xpivu, 4
i love her. i freakin love her!  &amp; our baby kitty. lol , 4
Runnin errands wit Madre , 4
Our &quot;british TV shows&quot; event was great ! Cool guests, 4
*talking to courtney michelleeeeeee. , 4
The cuban curls have got to go! I been so lazy time to introduce hair to blow dryer &amp; flat iron!! YES!! , 4
@HeatherPark Haha, 4
@AlexKaris I guess that limits r good  just to keep some peeps in check and &quot;noise&quot; separated from &quot;valuable&quot; exchange of ideas , 4
@DavidArchie David, 4
Once again Nanna did absolutely fantastic in Finland's Next Top Model contest  She is just so beautiful , 4
Hi guys! What's new? I hope you are all enjoying your day , 4
@HeartStarBolt lol.. you would be forgiven to think not... but last few days have been super sunny , 4
done with school  yoga class with K, 4
Working on the Gernant for Congress campaign!  http://tylergernant.com, 4
@playspymaster I want an invite! Marcus Mitchell invited me in to this. I dont think I can tell you what he wants me to be you understand , 4
really nice artist list #GH5 , 4
@BATYASMUSIC OMGGGG *-* cool! send me ur songs!  well not now , 4
@katlet yes! she posed very nicely and then went back to sleep , 4
@RyanNeasi Thanks , 4
Fun day! Headed to leaf cuisine then ikea , 4
@NEFERUKHEPERA Lol!!! You Better Stop. I'm The Sweetest Lil Thang You'll Eva Meet , 4
says sorry dudes and dudets... wasnt able to tweet my self for about 3 weeks cuz of ma exams....lol but now im back... , 4
Signed the lease! Sooo excited for my one bedroom downtown  Won't wish away summer though, 4
@Kazzashow Well found you thanks to @dctcool! Look foward to meeting you at the GCG! , 4
Just heard from him. Everything is great. Yay! , 4
@MADAMECHAPUIS lol you are too funny, 4
@RocBoyMonty i knew u loved me!  lol, 4
is enjoying the sun with cider from the Palm Tree , 4
@missheathyrm Ahhhh, 4
@nick_carter Can't wait to hear it!  Enjoy the blueberries! haha, 4
@belladesign Oh Thank you!!!  That is very flattering. , 4
I´m back - and fetter than before! But that doesn´t matter  Anyway now ^.^, 4
@lcaller Love this security stuff! , 4
Off to Disneyland and going again tomorrow  I love livin in Southern Cali...we have EVERYTHING!, 4
@JohnnyThomson2 Sorry x I must be. I should pay more attention! I did love Cold Feet tho , 4
im gonna watch my mcfly videos ive taken.  all in prep;), 4
@JONDOTPtheKING thanks , 4
About to watch the MTV Movie Awards  I bet R-Patz and Taylor are looking awesome!, 4
is spending the day @ the gardens with lisabear!! Time to pick my mommyfriends brain , 4
@WeTheTRAVIS @wethedan @wethehunter @wethedrew Happy 5th Birthday #Wethekings  Stayed up til midnight last night, 4
to all the girls on my twitter always date boys with hate hair  lol they are always hot later ppls EQAO, 4
@chyeahitsalicia you didn't go to work today? I just woke up , 4
@Beverleyknight oooh exciting  id love ya to do a wee song wit mutya buena, 4
@DJEROCKSF1 is it the patron?? , 4
@writeplayrepeat that's awesome Julianna! Good for you!   I am working hard to accomplish that feat. You go girl., 4
@MuseLotus don't delete me! i find your tweets interesting and refreshing  i'm just not a big interacter., 4
@CGigandet you are so welcome , 4
http://twitpic.com/6eva2 - Paradise , 4
@rubysharp lixx ur face , 4
Thank you to the person who invented the allergy multi-symptoms pills!!!! YOU ROCK!!!! Made me sleep + made me stop sneezing!! WOO HOO!!! , 4
@Heartsongs Internet radio does wonders. , 4
Just had another conversation, 4
@melisswaslike its a beautiful day in london town , 4
Waiting to hang out w/ my friends , 4
@fadeintolex NOT happy about it?! What? lol. I can't wait , 4
@jayrosen_nyu I was so glad she asked me that, 4
I'm watching glee on my ipod , 4
@KevSaund Woo! You are rockin it sir! I am so interested I wanna read it! , 4
One hour until breakout rehearsal , 4
Want time to just stop at happy moments! , 4
yeah lady gaga is da bomb miley hope u do get to  perform with her someday , 4
@idkmybffleah oh yeahhh!  make sure you sing a High School Musical 2 song at Heislers!, 4
@stefanyjovel : , 4
@TOProject oh- kay. As long as we get to hang tho! , 4
i shall eat my words. pancake pantry really is THAT good , 4
What to do in Temecula, 4
quite day at work today.  it's nice since I worked late on Friday. Already looking forward to the weekend already , 4
@welovedc That sounds about right.  When, 4
My sweater and boots came in the mail today  super stoked. The guy scared the crap out of me when he rang the doorbell though lol, 4
@krustifer Good luck with anything that helps! , 4
@oPONOo bye...can't put up with the bullshit...not you...thank you for being a friend if only for a brief while! , 4
@Spitphyre seems cool happy journey dear.And enjoy... , 4
I lovee Hello Kitty.Hmm and JEFFREE STAR......Hehehe Jeffree is AMAZING..i adore him , 4
@ashieldsss  i buy u some when i bwring ipod , 4
I love when a day that starts out terrible turns into a great day , 4
@paula_mcfly Good idea  x, 4
Is already practicing harmony for The Beatle's Rockband! September cannot come soon enough , 4
@sumppi Hmm, 4
I Wanna Do Something Fun Today. Maybe I'll Get A Laser Pointer Then Go Find A Cat....Hours Of Fun Will Come From That.   , 4
I'm in a reeeally good mood..I can't wait til friday , 4
@LGM1 I kinda think this advice goes for any business, 4
@CGigandet congrats on the win was very much deserved  im in uk so get to watch tonight !!! , 4
@justinphillip your welcomeee , 4
@welshrob87 Link please. Thanks , 4
@livedesk               hey martha trace put this way im sure we will dealing with pres obama for 4 years. wow stock market is going up , 4
Lunch with jess and Miranda  yumm im so freakin hungry!! Then comin back to my house and hanging out?? we'll find somethin to do., 4
@nick_carter Do you know when the new album is going to be released? , 4
@TennisNews Same! Thanks for answering although you don't cover men's tennis , 4
is tired today. Can't wait for the holidays to begin , 4
@misspostit still need. The rescue guapa!! , 4
@mories23 run my way with more wine pleaaaaaaase , 4
@AnnieD1 Hello Annie How are you on this lovely day , 4
is gonna wash the dishes in dishwasher and iron clean clothes , 4
It's too hot outside! :/ Loving the New Moon trailer though! , 4
Today us June 1st! , 4
http://bit.ly/RYspp     It had to be done , 4
@wtccismine http://bit.ly/Zv7k4  there you go ! , 4
@OhlalaParis sounds good  although you were sayin today that the lasagne wasn't too great  xx, 4
Modern Warfare 2 looking amazing!  Couldn't be more excited! , 4
Plus the wetsuits are very slimming. , 4
@izzy_1203 theeere you go , 4
@mercedesashley i wanna do jeet kune do help me tone up a bit, 4
@970newmoney thnkx  lets do a hunnid today!, 4
@Emily_YA it would be nice if it were book happy of course, 4
Sitting in the sun with a pear drink   http://yfrog.com/5k9ywj, 4
Today's phetch: A new life for Buddy and Strut -- UNCHAINED!!  http://phetched.com, 4
@sherina what? those are legit skills... , 4
@PeoplePlanet From the east to the west, 4
@TheFirstLady05...im playing softball this summer for my job! You should come watch , 4
thinking chicken, 4
@sumthin2tripovr if you like 2 laugh..have a good time..follow me..its just that simple , 4
@DebiDalio Which central market do you shop at?  I'll have a sales rep give a call , 4
@Moonshayde LOL, 4
Stanley cup on espn! , 4
Bing is up. Heard on Cnet's BOL: Bing == but it's not google. Recursive ver: Bing is not google. , 4
@kmatthews ya it should be easy, 4
@edutechgeek hahaha . . .that was good. i'll see if i can find it at the app store. , 4
Got out of the dentist alive !! Teethe perfect supposedly  can't wait for a chillax day tomorrow  xxxxxxxxxxxxxxx, 4
@HellenBach If I'm lucky   I introduced myself as judyobscure LOL, 4
in the media center!  romeo and juliet is done! , 4
@beefycheddar oh no, 4
@nrichford I read other people's Tweets. Reply even. , 4
hahaha this is weird I wrote about the churchs chicken commercial and now I'm eating some , 4
@DakotaVegas You are awesome , 4
@traceymadden thanks Tracey  doodling is the closest I get to meditating , 4
@therealjordin http://twitpic.com/6cvh5 - you have a great smile(: hehe you look so prettyy  we need your help;; can you help us pleas ..., 4
@beamercola then next time you should let me know, 4
@onezumi Yeah, 4
@captainerin   It's just one of those feel good songs., 4
Zachys birthday today! My birthday tomorrow  , 4
Today is a new day Tweets! Embrace it as if you had one day left with all your loved ones! Be kind and give freely.... , 4
im baaaaaaaaaaack hahahahaa soo good to have the internet back , 4
@ellieloucheek its Lovely isnt it! , 4
Level cleared. , 4
@ohbrenlee aww thanks girlie!! yes  dinner on weds sounds fabulous. omg sushi &amp; sake! lets do it. meebe we can get @daniellefab to show up, 4
Two bomb ass photos shoots this month Excited..and NY at the end of the month , 4
@Ryan_Tudor Haha, 4
@radha_ heh heh.  @BenedictHerold yes i agree with u.. , 4
Beatles Rock Band coming Sept. 9th , 4
last time a MoS Railways did smething 4 Kerala, 4
@AngieBeyince heeeeeey Angie how are u , 4
I wish I could do that too, 4
Aww Hanah &amp; Justin In Hollyoaks  Its Lovee , 4
@tommcfly have a nice swim , 4
@tommcfly We're very happy for have u here in Sao Paulo, 4
Looking for New York (city? but state is ok too  Candle Makers!, 4
@mileycyrus  bet u were laughing at eminem and Bruno. I've just seen seen it on utube hilarious , 4
@TTVWineGal Yes, 4
THE LICENSE PLATE I WANT IS AVAILABLE!! KLSABBY, 4
@ethanrambo: I'm going to burn down your face. , 4
just hang out with the girls and took new fotos..........very crazy fotos ......lol , 4
@smemma7 I REMEMBER THE FIRST TIME I SAW THAT. Pretty much shat myself. Or not. BLESS HIM , 4
Speechless , 4
@JeepersMedia We made some changes to the webcam stuff and it looks like your lag went away! Great!  http://twitvid.io/ab24, 4
@CindyWrightson Awesome! Have fun traveling! , 4
@ninoflipelican thx  i love you!, 4
@allyeezy Take care on your way to work , 4
@NotZura off to the mac store , 4
@THEDJPHAZE My pleasure sir!  Looking forward to the next one!, 4
@Wossy just watching labyrinth, 4
@BryEaston I guess everyone wants it right now , 4
@Barreda there are some advantages to big cities.. DMV is not one of them , 4
@ashleytisdale http://twitpic.com/6ercx - Ashley ! I can't believe you are reading my message  I'm a 16 french girl who loves you ver ..., 4
I feel bettr now. My mojo workin  LET'S GO!!!, 4
@jenellef a 2000 VW beetle  lol  what do u think?, 4
... enjoying my work day... heading home to let Piper out in a bit! , 4
@bobuva just a wimpy USB drive, 4
Check out ' @mitchelmusso - Winnipeg, 4
@meekai I have to work today... but maybe we can on a day that I'm off! , 4
@onikaze You're too sweet! Thank you! , 4
@sasugaa: I don't believe in Elvis , 4
Is getting pedicures and lunch with mommy , 4
Snowmobile is driveable  #xboxe3, 4
Everyone, 4
The perfect day off gets better , 4
not having a good day then looked into my purse pocket and saw 1/2 a brownie from Sat... it made me smile  everything's gonna be alright!, 4
My Summer Playlist http://tinyurl.com/m6p5qo for all of YOU to enjoy!  listen to every song, 4
@mleewelch I can't DM because you're not following me. Got a rate for you, 4
@McFly_xX ya! Flood! yay , 4
@MarieAlina haha me too, 4
Modern Warfare 2 looks ridiculous (in a good way  )  I ABSOLUTELY CANNOT WAIT TO GET MY HANDS ON THIS!!!, 4
aww hollyoaks was really sweett  xx, 4
setting myself up a tour of OTIS , 4
@sharedideas Thanks Ronen  The idea is really unique, 4
@JustinHerman ooh gvt accountability, 4
@GarrettMcCord You can send the Cookbook to me. , 4
bday next week , 4
@carrieaway me too , 4
Done cleaning! Gonna watch tv! , 4
Try to play night holes later , 4
Playing ping pong with Matthew...Havasu style. , 4
@kristendom you are such a great mom!  hope the 3yo has a great rest of the day at his new preschool , 4
@PaulHassing You've got great stuff to retweet, 4
Hehe, 4
Darion could be a sweet dream or a beautiful nightmare , 4
